CREATE TABLE public.customer (
    customer_id integer,
    firstname character varying(50),
    lastname character varying(50),
    suffix character varying(10)
);


CREATE TABLE public.customer_cc (
    creditcardid integer,
    cardtype character varying(50),
    cardnumber character varying(25),
    expmonth smallint,
    expyear smallint,
    customer_id integer,
    cc_first_name character varying(50),
    cc_last_name character varying(50),
    cc_suffix character varying(50)
);

CREATE TABLE public.customer_orders (
    salesorderid integer,
    subtotal numeric,
    accountnumber character varying(50),
    creditcardid integer,
    cust_title character varying(8),
    cust_name character varying(100)
);

INSERT INTO public.customer (customer_id, firstname, lastname, suffix) VALUES (1753, 'Carlos M.', 'Short', 'Jr.');
INSERT INTO public.customer (customer_id, firstname, lastname, suffix) VALUES (1769, 'Rolando T.', 'Smith', 'Jr.');
INSERT INTO public.customer (customer_id, firstname, lastname, suffix) VALUES (313, 'James T.', 'Aguilar', 'Jr.');
INSERT INTO public.customer (customer_id, firstname, lastname, suffix) VALUES (465, 'John M.', 'Berger', 'Jr.');
INSERT INTO public.customer (customer_id, firstname, lastname, suffix) VALUES (511, 'Lester J.', 'Bowman', 'Sr.');
INSERT INTO public.customer (customer_id, firstname, lastname, suffix) VALUES (525, 'Walter J.', 'Brian', 'IV');
INSERT INTO public.customer (customer_id, firstname, lastname, suffix) VALUES (535, 'Willie P.', 'Brooks', 'Jr.');
INSERT INTO public.customer (customer_id, firstname, lastname, suffix) VALUES (553, 'Dick R.', 'Brummer', 'Jr.');
INSERT INTO public.customer (customer_id, firstname, lastname, suffix) VALUES (589, 'David J.', 'Byrnes', 'Sr.');
INSERT INTO public.customer (customer_id, firstname, lastname, suffix) VALUES (811, 'Rudolph J.', 'Dillon', 'Sr.');
INSERT INTO public.customer (customer_id, firstname, lastname, suffix) VALUES (819, 'John T.', 'Donovan', 'Jr.');
INSERT INTO public.customer (customer_id, firstname, lastname, suffix) VALUES (887, 'Duane R.', 'Fitzgerald', 'Jr.');
INSERT INTO public.customer (customer_id, firstname, lastname, suffix) VALUES (957, 'Jeanie R.', 'Glenn', 'PhD');
INSERT INTO public.customer (customer_id, firstname, lastname, suffix) VALUES (1261, 'Edward J.', 'Kozlowski', 'Jr.');
INSERT INTO public.customer (customer_id, firstname, lastname, suffix) VALUES (1375, 'Walter J.', 'Mays', 'Sr.');
INSERT INTO public.customer (customer_id, firstname, lastname, suffix) VALUES (1385, 'Tomas M.', 'Manzanares', 'II');
INSERT INTO public.customer (customer_id, firstname, lastname, suffix) VALUES (1429, 'James L.', 'McCoy', 'II');
INSERT INTO public.customer (customer_id, firstname, lastname, suffix) VALUES (1473, 'Emilo R.', 'Miller', 'Jr.');
INSERT INTO public.customer (customer_id, firstname, lastname, suffix) VALUES (1489, 'Joseph P.', 'Mitzner', 'Jr.');
INSERT INTO public.customer (customer_id, firstname, lastname, suffix) VALUES (1911, 'Alvin J.', 'Torre', 'Jr.');
INSERT INTO public.customer (customer_id, firstname, lastname, suffix) VALUES (1915, 'Glenn J.', 'Track', 'II');
INSERT INTO public.customer (customer_id, firstname, lastname, suffix) VALUES (1965, 'Gregory T.', 'Vanderbout', 'Jr.');
INSERT INTO public.customer (customer_id, firstname, lastname, suffix) VALUES (1975, 'Nieves J.', 'Vargas', 'II');
INSERT INTO public.customer (customer_id, firstname, lastname, suffix) VALUES (463, 'Alex J.', 'Berger', 'II');
INSERT INTO public.customer (customer_id, firstname, lastname, suffix) VALUES (1725, 'Tom T.', 'Sanchez', 'Jr.');
INSERT INTO public.customer (customer_id, firstname, lastname, suffix) VALUES (369, 'Tom B.', 'Armstrong', 'Jr.');
INSERT INTO public.customer (customer_id, firstname, lastname, suffix) VALUES (431, 'Chris R.', 'Beck', 'Jr.');
INSERT INTO public.customer (customer_id, firstname, lastname, suffix) VALUES (389, 'James B.', 'Bailey', NULL);
INSERT INTO public.customer (customer_id, firstname, lastname, suffix) VALUES (391, 'Douglas A.', 'Baldwin', NULL);
INSERT INTO public.customer (customer_id, firstname, lastname, suffix) VALUES (441, 'Stanley A.', 'Alan', NULL);
INSERT INTO public.customer (customer_id, firstname, lastname, suffix) VALUES (477, 'Steven B.', 'Brown', NULL);
INSERT INTO public.customer (customer_id, firstname, lastname, suffix) VALUES (579, 'Timothy B.', 'Burnett', NULL);
INSERT INTO public.customer (customer_id, firstname, lastname, suffix) VALUES (1037, 'Neal B.', 'Hasty', NULL);
INSERT INTO public.customer (customer_id, firstname, lastname, suffix) VALUES (1039, 'James B.', 'Haugh', NULL);
INSERT INTO public.customer (customer_id, firstname, lastname, suffix) VALUES (1455, 'Eric B.', 'Meyer', NULL);
INSERT INTO public.customer (customer_id, firstname, lastname, suffix) VALUES (1273, 'Jeff B.', 'Kung', NULL);
INSERT INTO public.customer (customer_id, firstname, lastname, suffix) VALUES (621, 'John A.', 'Caprio', NULL);
----------------------------------------------------------------------------------------------------------------------------------------------------------------------------------------------------------------------------------------------------------------------------------------------------------------------------------
INSERT INTO public.customer_cc (creditcardid, cardtype, cardnumber, expmonth, expyear, customer_id, cc_first_name, cc_last_name, cc_suffix) VALUES (4694, 'ColonialVoice', '77774887920709', 3, 2007, 1725, 'Thomas', 'Sanchez', 'Jr.');
INSERT INTO public.customer_cc (creditcardid, cardtype, cardnumber, expmonth, expyear, customer_id, cc_first_name, cc_last_name, cc_suffix) VALUES (7245, 'ColonialVoice', '77772342712076', 5, 2006, 1753, 'Carlos', 'Short', 'Jr.');
INSERT INTO public.customer_cc (creditcardid, cardtype, cardnumber, expmonth, expyear, customer_id, cc_first_name, cc_last_name, cc_suffix) VALUES (16746, 'ColonialVoice', '77772494262971', 11, 2006, 1769, 'Rolando', 'Smith', 'Jr.');
INSERT INTO public.customer_cc (creditcardid, cardtype, cardnumber, expmonth, expyear, customer_id, cc_first_name, cc_last_name, cc_suffix) VALUES (1970, 'SuperiorCard', '33339326516853', 6, 2007, 313, 'James', 'Aguilar', 'Jr.');
INSERT INTO public.customer_cc (creditcardid, cardtype, cardnumber, expmonth, expyear, customer_id, cc_first_name, cc_last_name, cc_suffix) VALUES (17861, 'Distinguish', '55551802535525', 5, 2007, 369, 'Thomas', 'Armstrong', 'Jr.');
INSERT INTO public.customer_cc (creditcardid, cardtype, cardnumber, expmonth, expyear, customer_id, cc_first_name, cc_last_name, cc_suffix) VALUES (5409, 'SuperiorCard', '33336125701879', 4, 2008, 389, 'James', 'Bailey', 'Jr.');
INSERT INTO public.customer_cc (creditcardid, cardtype, cardnumber, expmonth, expyear, customer_id, cc_first_name, cc_last_name, cc_suffix) VALUES (2337, 'Vista', '11111900507747', 2, 2006, 391, 'Douglas', 'Baldwin', 'Jr.');
INSERT INTO public.customer_cc (creditcardid, cardtype, cardnumber, expmonth, expyear, customer_id, cc_first_name, cc_last_name, cc_suffix) VALUES (10057, 'ColonialVoice', '77776952838616', 11, 2008, 431, 'Christopher', 'Beck', 'Jr.');
INSERT INTO public.customer_cc (creditcardid, cardtype, cardnumber, expmonth, expyear, customer_id, cc_first_name, cc_last_name, cc_suffix) VALUES (12492, 'Vista', '11118223545058', 1, 2007, 441, 'Stanley', 'Alan', 'Jr.');
INSERT INTO public.customer_cc (creditcardid, cardtype, cardnumber, expmonth, expyear, customer_id, cc_first_name, cc_last_name, cc_suffix) VALUES (3513, 'Vista', '11114030450510', 1, 2005, 463, 'Alexander', 'Berger', 'II');
INSERT INTO public.customer_cc (creditcardid, cardtype, cardnumber, expmonth, expyear, customer_id, cc_first_name, cc_last_name, cc_suffix) VALUES (11282, 'SuperiorCard', '33337450733858', 3, 2007, 465, 'John', 'Berger', 'Jr.');
INSERT INTO public.customer_cc (creditcardid, cardtype, cardnumber, expmonth, expyear, customer_id, cc_first_name, cc_last_name, cc_suffix) VALUES (7293, 'ColonialVoice', '77778366364422', 3, 2005, 477, 'Steven', 'Brown', 'IV');
INSERT INTO public.customer_cc (creditcardid, cardtype, cardnumber, expmonth, expyear, customer_id, cc_first_name, cc_last_name, cc_suffix) VALUES (319, 'SuperiorCard', '33333588055875', 3, 2008, 511, 'Lester', 'Bowman', 'Sr.');
INSERT INTO public.customer_cc (creditcardid, cardtype, cardnumber, expmonth, expyear, customer_id, cc_first_name, cc_last_name, cc_suffix) VALUES (1803, 'SuperiorCard', '33333193132149', 12, 2006, 525, 'Walter', 'Brian', 'IV');
INSERT INTO public.customer_cc (creditcardid, cardtype, cardnumber, expmonth, expyear, customer_id, cc_first_name, cc_last_name, cc_suffix) VALUES (15842, 'SuperiorCard', '33337882104283', 1, 2005, 535, 'Willie', 'Brooks', 'Jr.');
INSERT INTO public.customer_cc (creditcardid, cardtype, cardnumber, expmonth, expyear, customer_id, cc_first_name, cc_last_name, cc_suffix) VALUES (15195, 'Vista', '11113762404108', 9, 2005, 553, 'Dick', 'Brummer', 'Jr.');
INSERT INTO public.customer_cc (creditcardid, cardtype, cardnumber, expmonth, expyear, customer_id, cc_first_name, cc_last_name, cc_suffix) VALUES (15924, 'Vista', '11118282614669', 4, 2007, 579, 'Timothy', 'Burnett', 'Jr.');
INSERT INTO public.customer_cc (creditcardid, cardtype, cardnumber, expmonth, expyear, customer_id, cc_first_name, cc_last_name, cc_suffix) VALUES (18717, 'SuperiorCard', '33339764311137', 12, 2006, 589, 'David', 'Byrnes', 'Sr.');
INSERT INTO public.customer_cc (creditcardid, cardtype, cardnumber, expmonth, expyear, customer_id, cc_first_name, cc_last_name, cc_suffix) VALUES (15954, 'ColonialVoice', '77774951268299', 5, 2006, 621, 'Johnny', 'Caprio', 'Jr.');
INSERT INTO public.customer_cc (creditcardid, cardtype, cardnumber, expmonth, expyear, customer_id, cc_first_name, cc_last_name, cc_suffix) VALUES (6065, 'ColonialVoice', '77778836450151', 3, 2006, 811, 'Rudolph', 'Dillon', 'Sr.');
INSERT INTO public.customer_cc (creditcardid, cardtype, cardnumber, expmonth, expyear, customer_id, cc_first_name, cc_last_name, cc_suffix) VALUES (12399, 'ColonialVoice', '77775038194030', 10, 2005, 819, 'John', 'Donovan', 'Jr.');
INSERT INTO public.customer_cc (creditcardid, cardtype, cardnumber, expmonth, expyear, customer_id, cc_first_name, cc_last_name, cc_suffix) VALUES (5099, 'Vista', '11111921586320', 11, 2007, 887, 'Duane', 'Fitzgerald', 'Jr.');
INSERT INTO public.customer_cc (creditcardid, cardtype, cardnumber, expmonth, expyear, customer_id, cc_first_name, cc_last_name, cc_suffix) VALUES (14803, 'Vista', '11111627648661', 4, 2007, 957, 'Jeanie', 'Glenn', 'PhD');
INSERT INTO public.customer_cc (creditcardid, cardtype, cardnumber, expmonth, expyear, customer_id, cc_first_name, cc_last_name, cc_suffix) VALUES (9314, 'Vista', '11114078984460', 7, 2007, 1037, 'Neal', 'Hasty', 'III');
INSERT INTO public.customer_cc (creditcardid, cardtype, cardnumber, expmonth, expyear, customer_id, cc_first_name, cc_last_name, cc_suffix) VALUES (18097, 'Distinguish', '55555391520809', 6, 2007, 1039, 'James', 'Haugh', 'Jr.');
INSERT INTO public.customer_cc (creditcardid, cardtype, cardnumber, expmonth, expyear, customer_id, cc_first_name, cc_last_name, cc_suffix) VALUES (12228, 'ColonialVoice', '77775428715277', 3, 2007, 1261, 'Edward', 'Kozlowski', 'Jr.');
INSERT INTO public.customer_cc (creditcardid, cardtype, cardnumber, expmonth, expyear, customer_id, cc_first_name, cc_last_name, cc_suffix) VALUES (13784, 'SuperiorCard', '33335487541263', 7, 2008, 1273, 'Jeffrey', 'Kung', 'Jr.');
INSERT INTO public.customer_cc (creditcardid, cardtype, cardnumber, expmonth, expyear, customer_id, cc_first_name, cc_last_name, cc_suffix) VALUES (14542, 'Distinguish', '55552609245927', 5, 2007, 1375, 'Walter', 'Mays', 'Sr.');
INSERT INTO public.customer_cc (creditcardid, cardtype, cardnumber, expmonth, expyear, customer_id, cc_first_name, cc_last_name, cc_suffix) VALUES (16132, 'ColonialVoice', '77773628629437', 2, 2007, 1385, 'Tomas', 'Manzanares', 'II');
INSERT INTO public.customer_cc (creditcardid, cardtype, cardnumber, expmonth, expyear, customer_id, cc_first_name, cc_last_name, cc_suffix) VALUES (6156, 'ColonialVoice', '77772559765945', 9, 2006, 1429, 'James', 'McCoy', 'II');
INSERT INTO public.customer_cc (creditcardid, cardtype, cardnumber, expmonth, expyear, customer_id, cc_first_name, cc_last_name, cc_suffix) VALUES (4459, 'Vista', '11116207774422', 10, 2007, 1455, 'Eric', 'Meyer', 'Jr.');
INSERT INTO public.customer_cc (creditcardid, cardtype, cardnumber, expmonth, expyear, customer_id, cc_first_name, cc_last_name, cc_suffix) VALUES (6536, 'SuperiorCard', '33332355471759', 5, 2008, 1473, 'Emilo', 'Miller', 'Jr.');
INSERT INTO public.customer_cc (creditcardid, cardtype, cardnumber, expmonth, expyear, customer_id, cc_first_name, cc_last_name, cc_suffix) VALUES (17982, 'SuperiorCard', '33339345937695', 9, 2008, 1489, 'Joseph', 'Mitzner', 'Jr.');
INSERT INTO public.customer_cc (creditcardid, cardtype, cardnumber, expmonth, expyear, customer_id, cc_first_name, cc_last_name, cc_suffix) VALUES (10928, 'ColonialVoice', '77774244671654', 3, 2006, 1911, 'Alvin', 'Torre', 'Jr.');
INSERT INTO public.customer_cc (creditcardid, cardtype, cardnumber, expmonth, expyear, customer_id, cc_first_name, cc_last_name, cc_suffix) VALUES (3653, 'SuperiorCard', '33332005868646', 2, 2007, 1915, 'Glenn', 'Track', 'II');
INSERT INTO public.customer_cc (creditcardid, cardtype, cardnumber, expmonth, expyear, customer_id, cc_first_name, cc_last_name, cc_suffix) VALUES (14468, 'ColonialVoice', '77779333561899', 1, 2006, 1965, 'Gregory', 'Vanderbout', 'Jr.');
INSERT INTO public.customer_cc (creditcardid, cardtype, cardnumber, expmonth, expyear, customer_id, cc_first_name, cc_last_name, cc_suffix) VALUES (17645, 'Distinguish', '55551327854691', 10, 2008, 1975, 'Nieves', 'Vargas', 'II');
----------------------------------------------------------------------------------------------------------------------------------------------------------------------------------------------------------------------------------------------------------------------------------------------------------------------------------
INSERT INTO public.customer_orders (salesorderid, subtotal, accountnumber, creditcardid, cust_title, cust_name) VALUES (51124, 77253.4169, '10-4020-000245', 6156, 'Mr.', 'McCoy, James');
INSERT INTO public.customer_orders (salesorderid, subtotal, accountnumber, creditcardid, cust_title, cust_name) VALUES (63177, 44907.516, '10-4020-000263', 15924, 'Mr.', 'Burnett, Timothy');
INSERT INTO public.customer_orders (salesorderid, subtotal, accountnumber, creditcardid, cust_title, cust_name) VALUES (47399, 26509.1108, '10-4020-000685', 18097, 'Mr.', 'Haugh, James');
INSERT INTO public.customer_orders (salesorderid, subtotal, accountnumber, creditcardid, cust_title, cust_name) VALUES (48340, 26615.21, '10-4020-000685', 18097, 'Mr.', 'Haugh, James');
INSERT INTO public.customer_orders (salesorderid, subtotal, accountnumber, creditcardid, cust_title, cust_name) VALUES (44795, 104111.5156, '10-4020-000608', 7293, 'Mr.', 'Brown, Steven');
INSERT INTO public.customer_orders (salesorderid, subtotal, accountnumber, creditcardid, cust_title, cust_name) VALUES (46953, 63095.428, '10-4020-000012', 15954, 'Mr.', 'Caprio, Johnny');
INSERT INTO public.customer_orders (salesorderid, subtotal, accountnumber, creditcardid, cust_title, cust_name) VALUES (45571, 78882.9289, '10-4020-000608', 7293, 'Mr.', 'Brown, Steven');
INSERT INTO public.customer_orders (salesorderid, subtotal, accountnumber, creditcardid, cust_title, cust_name) VALUES (58953, 8181.12, '10-4020-000156', 319, 'Mr.', 'Bowman, Lester');
INSERT INTO public.customer_orders (salesorderid, subtotal, accountnumber, creditcardid, cust_title, cust_name) VALUES (55302, 11532.702, '10-4020-000431', 2337, 'Mr.', 'Baldwin, Douglas');
INSERT INTO public.customer_orders (salesorderid, subtotal, accountnumber, creditcardid, cust_title, cust_name) VALUES (59063, 57816.258, '10-4020-000016', 10057, 'Mr.', 'Beck, Christopher');
INSERT INTO public.customer_orders (salesorderid, subtotal, accountnumber, creditcardid, cust_title, cust_name) VALUES (53461, 1466.01, '10-4020-000067', 13784, 'Mr.', 'Kung, Jeffrey');
INSERT INTO public.customer_orders (salesorderid, subtotal, accountnumber, creditcardid, cust_title, cust_name) VALUES (47016, 7804.4741, '10-4020-000529', 14803, 'Ms.', 'Glenn, Jeanie');
INSERT INTO public.customer_orders (salesorderid, subtotal, accountnumber, creditcardid, cust_title, cust_name) VALUES (50294, 29909.6622, '10-4020-000312', 17861, 'Mr.', 'Armstrong, Thomas');
INSERT INTO public.customer_orders (salesorderid, subtotal, accountnumber, creditcardid, cust_title, cust_name) VALUES (48384, 67778.5075, '10-4020-000608', 7293, 'Mr.', 'Brown, Steven');
INSERT INTO public.customer_orders (salesorderid, subtotal, accountnumber, creditcardid, cust_title, cust_name) VALUES (63141, 4241.586, '10-4020-000012', 15954, 'Mr.', 'Caprio, Johnny');
INSERT INTO public.customer_orders (salesorderid, subtotal, accountnumber, creditcardid, cust_title, cust_name) VALUES (50722, 49862.2699, '10-4020-000016', 10057, 'Mr.', 'Beck, Christopher');
INSERT INTO public.customer_orders (salesorderid, subtotal, accountnumber, creditcardid, cust_title, cust_name) VALUES (61234, 10127.724, '10-4020-000431', 2337, 'Mr.', 'Baldwin, Douglas');
INSERT INTO public.customer_orders (salesorderid, subtotal, accountnumber, creditcardid, cust_title, cust_name) VALUES (51703, 50300.616, '10-4020-000012', 15954, 'Mr.', 'Caprio, Johnny');
INSERT INTO public.customer_orders (salesorderid, subtotal, accountnumber, creditcardid, cust_title, cust_name) VALUES (58988, 4878.75, '10-4020-000649', 14542, 'Mr.', 'Mays, Walter');
INSERT INTO public.customer_orders (salesorderid, subtotal, accountnumber, creditcardid, cust_title, cust_name) VALUES (49150, 1877.4529, '10-4020-000541', 15842, 'Mr.', 'Brooks, Willie');
INSERT INTO public.customer_orders (salesorderid, subtotal, accountnumber, creditcardid, cust_title, cust_name) VALUES (48338, 3839.7654, '10-4020-000156', 319, 'Mr.', 'Bowman, Lester');
INSERT INTO public.customer_orders (salesorderid, subtotal, accountnumber, creditcardid, cust_title, cust_name) VALUES (58911, 27499.866, '10-4020-000173', 6065, 'Mr.', 'Dillon, Rudolph');
INSERT INTO public.customer_orders (salesorderid, subtotal, accountnumber, creditcardid, cust_title, cust_name) VALUES (44493, 6476.0896, '10-4020-000531', 4459, 'Mr.', 'Meyer, Eric');
INSERT INTO public.customer_orders (salesorderid, subtotal, accountnumber, creditcardid, cust_title, cust_name) VALUES (47441, 112287.2527, '10-4020-000608', 7293, 'Mr.', 'Brown, Steven');
INSERT INTO public.customer_orders (salesorderid, subtotal, accountnumber, creditcardid, cust_title, cust_name) VALUES (49494, 18993.1049, '10-4020-000644', 14468, 'Mr.', 'Vanderbout, Gregory');
INSERT INTO public.customer_orders (salesorderid, subtotal, accountnumber, creditcardid, cust_title, cust_name) VALUES (50707, 3720.9227, '10-4020-000649', 14542, 'Mr.', 'Mays, Walter');
INSERT INTO public.customer_orders (salesorderid, subtotal, accountnumber, creditcardid, cust_title, cust_name) VALUES (71781, 22057.986, '10-4020-000173', 6065, 'Mr.', 'Dillon, Rudolph');
INSERT INTO public.customer_orders (salesorderid, subtotal, accountnumber, creditcardid, cust_title, cust_name) VALUES (71829, 29761.1208, '10-4020-000685', 18097, 'Mr.', 'Haugh, James');
INSERT INTO public.customer_orders (salesorderid, subtotal, accountnumber, creditcardid, cust_title, cust_name) VALUES (48744, 18986.0765, '10-4020-000245', 6156, 'Mr.', 'McCoy, James');
INSERT INTO public.customer_orders (salesorderid, subtotal, accountnumber, creditcardid, cust_title, cust_name) VALUES (69532, 54076.886, '10-4020-000312', 17861, 'Mr.', 'Armstrong, Thomas');
INSERT INTO public.customer_orders (salesorderid, subtotal, accountnumber, creditcardid, cust_title, cust_name) VALUES (58915, 27568.494, '10-4020-000688', 9314, 'Mr.', 'Hasty, Neal');
INSERT INTO public.customer_orders (salesorderid, subtotal, accountnumber, creditcardid, cust_title, cust_name) VALUES (48298, 183.9382, '10-4020-000067', 13784, 'Mr.', 'Kung, Jeffrey');
INSERT INTO public.customer_orders (salesorderid, subtotal, accountnumber, creditcardid, cust_title, cust_name) VALUES (53509, 3676.914, '10-4020-000156', 319, 'Mr.', 'Bowman, Lester');
INSERT INTO public.customer_orders (salesorderid, subtotal, accountnumber, creditcardid, cust_title, cust_name) VALUES (50249, 14251.5357, '10-4020-000529', 14803, 'Ms.', 'Glenn, Jeanie');
INSERT INTO public.customer_orders (salesorderid, subtotal, accountnumber, creditcardid, cust_title, cust_name) VALUES (47678, 6919.2582, '10-4020-000265', 18717, 'Mr.', 'Byrnes, David');
INSERT INTO public.customer_orders (salesorderid, subtotal, accountnumber, creditcardid, cust_title, cust_name) VALUES (71808, 32109.4774, '10-4020-000408', 3513, 'Mr.', 'Berger, Alexander');
INSERT INTO public.customer_orders (salesorderid, subtotal, accountnumber, creditcardid, cust_title, cust_name) VALUES (63284, 108184.104, '10-4020-000085', 12228, 'Mr.', 'Kozlowski, Edward');
INSERT INTO public.customer_orders (salesorderid, subtotal, accountnumber, creditcardid, cust_title, cust_name) VALUES (45321, 61189.0793, '10-4020-000312', 17861, 'Mr.', 'Armstrong, Thomas');
INSERT INTO public.customer_orders (salesorderid, subtotal, accountnumber, creditcardid, cust_title, cust_name) VALUES (43690, 1297.5901, '10-4020-000431', 2337, 'Mr.', 'Baldwin, Douglas');
INSERT INTO public.customer_orders (salesorderid, subtotal, accountnumber, creditcardid, cust_title, cust_name) VALUES (61196, 28038.636, '10-4020-000245', 6156, 'Mr.', 'McCoy, James');
INSERT INTO public.customer_orders (salesorderid, subtotal, accountnumber, creditcardid, cust_title, cust_name) VALUES (48049, 41005.0451, '10-4020-000312', 17861, 'Mr.', 'Armstrong, Thomas');
INSERT INTO public.customer_orders (salesorderid, subtotal, accountnumber, creditcardid, cust_title, cust_name) VALUES (47713, 67.539, '10-4020-000161', 12399, 'Mr.', 'Donovan, John');
INSERT INTO public.customer_orders (salesorderid, subtotal, accountnumber, creditcardid, cust_title, cust_name) VALUES (67327, 31154.4749, '10-4020-000660', 17645, 'Mr.', 'Vargas, Nieves');
INSERT INTO public.customer_orders (salesorderid, subtotal, accountnumber, creditcardid, cust_title, cust_name) VALUES (50689, 46260.7274, '10-4020-000461', 3653, 'Mr.', 'Track, Glenn');
INSERT INTO public.customer_orders (salesorderid, subtotal, accountnumber, creditcardid, cust_title, cust_name) VALUES (58961, 55710.618, '10-4020-000182', 12492, 'Mr.', 'Alan, Stanley');
INSERT INTO public.customer_orders (salesorderid, subtotal, accountnumber, creditcardid, cust_title, cust_name) VALUES (63268, 3597.294, '10-4020-000541', 15842, 'Mr.', 'Brooks, Willie');
INSERT INTO public.customer_orders (salesorderid, subtotal, accountnumber, creditcardid, cust_title, cust_name) VALUES (44544, 20980.152, '10-4020-000312', 17861, 'Mr.', 'Armstrong, Thomas');
INSERT INTO public.customer_orders (salesorderid, subtotal, accountnumber, creditcardid, cust_title, cust_name) VALUES (46380, 42729.5227, '10-4020-000608', 7293, 'Mr.', 'Brown, Steven');
INSERT INTO public.customer_orders (salesorderid, subtotal, accountnumber, creditcardid, cust_title, cust_name) VALUES (46662, 70717.297, '10-4020-000660', 17645, 'Mr.', 'Vargas, Nieves');
INSERT INTO public.customer_orders (salesorderid, subtotal, accountnumber, creditcardid, cust_title, cust_name) VALUES (53525, 23624.4279, '10-4020-000319', 6536, 'Mr.', 'Miller, Emilo');
INSERT INTO public.customer_orders (salesorderid, subtotal, accountnumber, creditcardid, cust_title, cust_name) VALUES (65244, 11376.702, '10-4020-000295', 17982, 'Mr.', 'Mitzner, Joseph');
INSERT INTO public.customer_orders (salesorderid, subtotal, accountnumber, creditcardid, cust_title, cust_name) VALUES (63185, 1430.442, '10-4020-000080', 15195, 'Mr.', 'Brummer, Dick');
INSERT INTO public.customer_orders (salesorderid, subtotal, accountnumber, creditcardid, cust_title, cust_name) VALUES (65271, 55790.58, '10-4020-000016', 10057, 'Mr.', 'Beck, Christopher');
INSERT INTO public.customer_orders (salesorderid, subtotal, accountnumber, creditcardid, cust_title, cust_name) VALUES (71827, 7071.6, '10-4020-000156', 319, 'Mr.', 'Bowman, Lester');
INSERT INTO public.customer_orders (salesorderid, subtotal, accountnumber, creditcardid, cust_title, cust_name) VALUES (69401, 18220.9299, '10-4020-000012', 15954, 'Mr.', 'Caprio, Johnny');
INSERT INTO public.customer_orders (salesorderid, subtotal, accountnumber, creditcardid, cust_title, cust_name) VALUES (50664, 42464.0041, '10-4020-000173', 6065, 'Mr.', 'Dillon, Rudolph');
INSERT INTO public.customer_orders (salesorderid, subtotal, accountnumber, creditcardid, cust_title, cust_name) VALUES (46326, 29220.8373, '10-4020-000173', 6065, 'Mr.', 'Dillon, Rudolph');
INSERT INTO public.customer_orders (salesorderid, subtotal, accountnumber, creditcardid, cust_title, cust_name) VALUES (44527, 6127.782, '10-4020-000335', 11282, 'Mr.', 'Berger, John');
INSERT INTO public.customer_orders (salesorderid, subtotal, accountnumber, creditcardid, cust_title, cust_name) VALUES (65299, 2222.748, '10-4020-000151', 1803, 'Mr.', 'Brian, Walter');
INSERT INTO public.customer_orders (salesorderid, subtotal, accountnumber, creditcardid, cust_title, cust_name) VALUES (49511, 2348.97, '10-4020-000156', 319, 'Mr.', 'Bowman, Lester');
INSERT INTO public.customer_orders (salesorderid, subtotal, accountnumber, creditcardid, cust_title, cust_name) VALUES (47420, 491.406, '10-4020-000151', 1803, 'Mr.', 'Brian, Walter');
INSERT INTO public.customer_orders (salesorderid, subtotal, accountnumber, creditcardid, cust_title, cust_name) VALUES (49132, 31128.3693, '10-4020-000312', 17861, 'Mr.', 'Armstrong, Thomas');
INSERT INTO public.customer_orders (salesorderid, subtotal, accountnumber, creditcardid, cust_title, cust_name) VALUES (49513, 25725.4118, '10-4020-000685', 18097, 'Mr.', 'Haugh, James');
INSERT INTO public.customer_orders (salesorderid, subtotal, accountnumber, creditcardid, cust_title, cust_name) VALUES (46351, 3914.9363, '10-4020-000156', 319, 'Mr.', 'Bowman, Lester');
INSERT INTO public.customer_orders (salesorderid, subtotal, accountnumber, creditcardid, cust_title, cust_name) VALUES (59039, 149.874, '10-4020-000467', 10928, 'Mr.', 'Torre, Alvin');
INSERT INTO public.customer_orders (salesorderid, subtotal, accountnumber, creditcardid, cust_title, cust_name) VALUES (50203, 39485.6067, '10-4020-000012', 15954, 'Mr.', 'Caprio, Johnny');
INSERT INTO public.customer_orders (salesorderid, subtotal, accountnumber, creditcardid, cust_title, cust_name) VALUES (53496, 3741.6939, '10-4020-000295', 17982, 'Mr.', 'Mitzner, Joseph');
INSERT INTO public.customer_orders (salesorderid, subtotal, accountnumber, creditcardid, cust_title, cust_name) VALUES (50671, 22994.9099, '10-4020-000644', 14468, 'Mr.', 'Vanderbout, Gregory');
INSERT INTO public.customer_orders (salesorderid, subtotal, accountnumber, creditcardid, cust_title, cust_name) VALUES (69403, 2159.352, '10-4020-000080', 15195, 'Mr.', 'Brummer, Dick');
INSERT INTO public.customer_orders (salesorderid, subtotal, accountnumber, creditcardid, cust_title, cust_name) VALUES (46033, 4716.1286, '10-4020-000531', 4459, 'Mr.', 'Meyer, Eric');
INSERT INTO public.customer_orders (salesorderid, subtotal, accountnumber, creditcardid, cust_title, cust_name) VALUES (48339, 49713.2287, '10-4020-000461', 3653, 'Mr.', 'Track, Glenn');
INSERT INTO public.customer_orders (salesorderid, subtotal, accountnumber, creditcardid, cust_title, cust_name) VALUES (48786, 22843.3007, '10-4020-000660', 17645, 'Mr.', 'Vargas, Nieves');
INSERT INTO public.customer_orders (salesorderid, subtotal, accountnumber, creditcardid, cust_title, cust_name) VALUES (59034, 411.702, '10-4020-000151', 1803, 'Mr.', 'Brian, Walter');
INSERT INTO public.customer_orders (salesorderid, subtotal, accountnumber, creditcardid, cust_title, cust_name) VALUES (49848, 59222.562, '10-4020-000245', 6156, 'Mr.', 'McCoy, James');
INSERT INTO public.customer_orders (salesorderid, subtotal, accountnumber, creditcardid, cust_title, cust_name) VALUES (53514, 55103.4671, '10-4020-000182', 12492, 'Mr.', 'Alan, Stanley');
INSERT INTO public.customer_orders (salesorderid, subtotal, accountnumber, creditcardid, cust_title, cust_name) VALUES (47397, 7951.1594, '10-4020-000156', 319, 'Mr.', 'Bowman, Lester');
INSERT INTO public.customer_orders (salesorderid, subtotal, accountnumber, creditcardid, cust_title, cust_name) VALUES (45071, 5980.0532, '10-4020-000431', 2337, 'Mr.', 'Baldwin, Douglas');
INSERT INTO public.customer_orders (salesorderid, subtotal, accountnumber, creditcardid, cust_title, cust_name) VALUES (44744, 29751.2786, '10-4020-000173', 6065, 'Mr.', 'Dillon, Rudolph');
INSERT INTO public.customer_orders (salesorderid, subtotal, accountnumber, creditcardid, cust_title, cust_name) VALUES (47980, 22534.867, '10-4020-000012', 15954, 'Mr.', 'Caprio, Johnny');
INSERT INTO public.customer_orders (salesorderid, subtotal, accountnumber, creditcardid, cust_title, cust_name) VALUES (47398, 60281.31, '10-4020-000461', 3653, 'Mr.', 'Track, Glenn');
INSERT INTO public.customer_orders (salesorderid, subtotal, accountnumber, creditcardid, cust_title, cust_name) VALUES (67295, 62810.4352, '10-4020-000245', 6156, 'Mr.', 'McCoy, James');
INSERT INTO public.customer_orders (salesorderid, subtotal, accountnumber, creditcardid, cust_title, cust_name) VALUES (45522, 28786.2466, '10-4020-000173', 6065, 'Mr.', 'Dillon, Rudolph');
INSERT INTO public.customer_orders (salesorderid, subtotal, accountnumber, creditcardid, cust_title, cust_name) VALUES (48310, 24679.6632, '10-4020-000644', 14468, 'Mr.', 'Vanderbout, Gregory');
INSERT INTO public.customer_orders (salesorderid, subtotal, accountnumber, creditcardid, cust_title, cust_name) VALUES (46943, 8920.6386, '10-4020-000531', 4459, 'Mr.', 'Meyer, Eric');
INSERT INTO public.customer_orders (salesorderid, subtotal, accountnumber, creditcardid, cust_title, cust_name) VALUES (48785, 4228.146, '10-4020-000431', 2337, 'Mr.', 'Baldwin, Douglas');
INSERT INTO public.customer_orders (salesorderid, subtotal, accountnumber, creditcardid, cust_title, cust_name) VALUES (71833, 53083.446, '10-4020-000182', 12492, 'Mr.', 'Alan, Stanley');
INSERT INTO public.customer_orders (salesorderid, subtotal, accountnumber, creditcardid, cust_title, cust_name) VALUES (48314, 4707.8632, '10-4020-000649', 14542, 'Mr.', 'Mays, Walter');
INSERT INTO public.customer_orders (salesorderid, subtotal, accountnumber, creditcardid, cust_title, cust_name) VALUES (45310, 14219.958, '10-4020-000335', 11282, 'Mr.', 'Berger, John');
INSERT INTO public.customer_orders (salesorderid, subtotal, accountnumber, creditcardid, cust_title, cust_name) VALUES (51701, 2254.7148, '10-4020-000080', 15195, 'Mr.', 'Brummer, Dick');
INSERT INTO public.customer_orders (salesorderid, subtotal, accountnumber, creditcardid, cust_title, cust_name) VALUES (58957, 33327.266, '10-4020-000685', 18097, 'Mr.', 'Haugh, James');
INSERT INTO public.customer_orders (salesorderid, subtotal, accountnumber, creditcardid, cust_title, cust_name) VALUES (50685, 6631.7072, '10-4020-000156', 319, 'Mr.', 'Bowman, Lester');
INSERT INTO public.customer_orders (salesorderid, subtotal, accountnumber, creditcardid, cust_title, cust_name) VALUES (71895, 221.256, '10-4020-000151', 1803, 'Mr.', 'Brian, Walter');
INSERT INTO public.customer_orders (salesorderid, subtotal, accountnumber, creditcardid, cust_title, cust_name) VALUES (57144, 31328.4204, '10-4020-000312', 17861, 'Mr.', 'Armstrong, Thomas');
INSERT INTO public.customer_orders (salesorderid, subtotal, accountnumber, creditcardid, cust_title, cust_name) VALUES (71863, 2777.1431, '10-4020-000649', 14542, 'Mr.', 'Mays, Walter');
INSERT INTO public.customer_orders (salesorderid, subtotal, accountnumber, creditcardid, cust_title, cust_name) VALUES (49881, 1308.9375, '10-4020-000161', 12399, 'Mr.', 'Donovan, John');
INSERT INTO public.customer_orders (salesorderid, subtotal, accountnumber, creditcardid, cust_title, cust_name) VALUES (50753, 52108.7806, '10-4020-000608', 7293, 'Mr.', 'Brown, Steven');
INSERT INTO public.customer_orders (salesorderid, subtotal, accountnumber, creditcardid, cust_title, cust_name) VALUES (69540, 44228.9437, '10-4020-000263', 15924, 'Mr.', 'Burnett, Timothy');
INSERT INTO public.customer_orders (salesorderid, subtotal, accountnumber, creditcardid, cust_title, cust_name) VALUES (65251, 2922.828, '10-4020-000156', 319, 'Mr.', 'Bowman, Lester');
INSERT INTO public.customer_orders (salesorderid, subtotal, accountnumber, creditcardid, cust_title, cust_name) VALUES (71795, 31229.8394, '10-4020-000688', 9314, 'Mr.', 'Hasty, Neal');
INSERT INTO public.customer_orders (salesorderid, subtotal, accountnumber, creditcardid, cust_title, cust_name) VALUES (51780, 10595.429, '10-4020-000531', 4459, 'Mr.', 'Meyer, Eric');
INSERT INTO public.customer_orders (salesorderid, subtotal, accountnumber, creditcardid, cust_title, cust_name) VALUES (65156, 30238.236, '10-4020-000173', 6065, 'Mr.', 'Dillon, Rudolph');
INSERT INTO public.customer_orders (salesorderid, subtotal, accountnumber, creditcardid, cust_title, cust_name) VALUES (46065, 12164.964, '10-4020-000335', 11282, 'Mr.', 'Berger, John');
INSERT INTO public.customer_orders (salesorderid, subtotal, accountnumber, creditcardid, cust_title, cust_name) VALUES (51805, 762.9024, '10-4020-000554', 1970, 'Mr.', 'Aguilar, James');
INSERT INTO public.customer_orders (salesorderid, subtotal, accountnumber, creditcardid, cust_title, cust_name) VALUES (67332, 8344.098, '10-4020-000431', 2337, 'Mr.', 'Baldwin, Douglas');
INSERT INTO public.customer_orders (salesorderid, subtotal, accountnumber, creditcardid, cust_title, cust_name) VALUES (51756, 31.584, '10-4020-000335', 11282, 'Mr.', 'Berger, John');
INSERT INTO public.customer_orders (salesorderid, subtotal, accountnumber, creditcardid, cust_title, cust_name) VALUES (58912, 323.994, '10-4020-000067', 13784, 'Mr.', 'Kung, Jeffrey');
INSERT INTO public.customer_orders (salesorderid, subtotal, accountnumber, creditcardid, cust_title, cust_name) VALUES (51857, 94139.2728, '10-4020-000085', 12228, 'Mr.', 'Kozlowski, Edward');
INSERT INTO public.customer_orders (salesorderid, subtotal, accountnumber, creditcardid, cust_title, cust_name) VALUES (49074, 20078.2551, '10-4020-000529', 14803, 'Ms.', 'Glenn, Jeanie');
INSERT INTO public.customer_orders (salesorderid, subtotal, accountnumber, creditcardid, cust_title, cust_name) VALUES (51849, 10805.37, '10-4020-000529', 14803, 'Ms.', 'Glenn, Jeanie');
INSERT INTO public.customer_orders (salesorderid, subtotal, accountnumber, creditcardid, cust_title, cust_name) VALUES (63206, 602.346, '10-4020-000554', 1970, 'Mr.', 'Aguilar, James');
INSERT INTO public.customer_orders (salesorderid, subtotal, accountnumber, creditcardid, cust_title, cust_name) VALUES (53601, 552.93, '10-4020-000151', 1803, 'Mr.', 'Brian, Walter');
INSERT INTO public.customer_orders (salesorderid, subtotal, accountnumber, creditcardid, cust_title, cust_name) VALUES (49510, 47084.1057, '10-4020-000016', 10057, 'Mr.', 'Beck, Christopher');
INSERT INTO public.customer_orders (salesorderid, subtotal, accountnumber, creditcardid, cust_title, cust_name) VALUES (57104, 5741.6651, '10-4020-000531', 4459, 'Mr.', 'Meyer, Eric');
INSERT INTO public.customer_orders (salesorderid, subtotal, accountnumber, creditcardid, cust_title, cust_name) VALUES (45275, 7166.6775, '10-4020-000531', 4459, 'Mr.', 'Meyer, Eric');
INSERT INTO public.customer_orders (salesorderid, subtotal, accountnumber, creditcardid, cust_title, cust_name) VALUES (51140, 57950.2044, '10-4020-000660', 17645, 'Mr.', 'Vargas, Nieves');
INSERT INTO public.customer_orders (salesorderid, subtotal, accountnumber, creditcardid, cust_title, cust_name) VALUES (48774, 3847.9347, '10-4020-000265', 18717, 'Mr.', 'Byrnes, David');
INSERT INTO public.customer_orders (salesorderid, subtotal, accountnumber, creditcardid, cust_title, cust_name) VALUES (47043, 209.256, '10-4020-000541', 15842, 'Mr.', 'Brooks, Willie');
INSERT INTO public.customer_orders (salesorderid, subtotal, accountnumber, creditcardid, cust_title, cust_name) VALUES (49122, 12684.438, '10-4020-000531', 4459, 'Mr.', 'Meyer, Eric');
INSERT INTO public.customer_orders (salesorderid, subtotal, accountnumber, creditcardid, cust_title, cust_name) VALUES (50687, 37150.2321, '10-4020-000685', 18097, 'Mr.', 'Haugh, James');
INSERT INTO public.customer_orders (salesorderid, subtotal, accountnumber, creditcardid, cust_title, cust_name) VALUES (53562, 81476.3709, '10-4020-000016', 10057, 'Mr.', 'Beck, Christopher');
INSERT INTO public.customer_orders (salesorderid, subtotal, accountnumber, creditcardid, cust_title, cust_name) VALUES (65172, 21439.446, '10-4020-000688', 9314, 'Mr.', 'Hasty, Neal');
INSERT INTO public.customer_orders (salesorderid, subtotal, accountnumber, creditcardid, cust_title, cust_name) VALUES (49480, 45662.0012, '10-4020-000173', 6065, 'Mr.', 'Dillon, Rudolph');
INSERT INTO public.customer_orders (salesorderid, subtotal, accountnumber, creditcardid, cust_title, cust_name) VALUES (50665, 214.6328, '10-4020-000067', 13784, 'Mr.', 'Kung, Jeffrey');
INSERT INTO public.customer_orders (salesorderid, subtotal, accountnumber, creditcardid, cust_title, cust_name) VALUES (48025, 1366.2229, '10-4020-000335', 11282, 'Mr.', 'Berger, John');
INSERT INTO public.customer_orders (salesorderid, subtotal, accountnumber, creditcardid, cust_title, cust_name) VALUES (49885, 4263.1696, '10-4020-000431', 2337, 'Mr.', 'Baldwin, Douglas');
INSERT INTO public.customer_orders (salesorderid, subtotal, accountnumber, creditcardid, cust_title, cust_name) VALUES (49452, 1308.9375, '10-4020-000067', 13784, 'Mr.', 'Kung, Jeffrey');
INSERT INTO public.customer_orders (salesorderid, subtotal, accountnumber, creditcardid, cust_title, cust_name) VALUES (61240, 13804.8356, '10-4020-000660', 17645, 'Mr.', 'Vargas, Nieves');
INSERT INTO public.customer_orders (salesorderid, subtotal, accountnumber, creditcardid, cust_title, cust_name) VALUES (71791, 19965.444, '10-4020-000644', 14468, 'Mr.', 'Vanderbout, Gregory');
INSERT INTO public.customer_orders (salesorderid, subtotal, accountnumber, creditcardid, cust_title, cust_name) VALUES (50305, 647.994, '10-4020-000541', 15842, 'Mr.', 'Brooks, Willie');
INSERT INTO public.customer_orders (salesorderid, subtotal, accountnumber, creditcardid, cust_title, cust_name) VALUES (58916, 19078.47, '10-4020-000644', 14468, 'Mr.', 'Vanderbout, Gregory');
INSERT INTO public.customer_orders (salesorderid, subtotal, accountnumber, creditcardid, cust_title, cust_name) VALUES (53510, 44411.3304, '10-4020-000685', 18097, 'Mr.', 'Haugh, James');
INSERT INTO public.customer_orders (salesorderid, subtotal, accountnumber, creditcardid, cust_title, cust_name) VALUES (46092, 722.5949, '10-4020-000541', 15842, 'Mr.', 'Brooks, Willie');
INSERT INTO public.customer_orders (salesorderid, subtotal, accountnumber, creditcardid, cust_title, cust_name) VALUES (55294, 34117.389, '10-4020-000660', 17645, 'Mr.', 'Vargas, Nieves');
INSERT INTO public.customer_orders (salesorderid, subtotal, accountnumber, creditcardid, cust_title, cust_name) VALUES (53469, 21393.5597, '10-4020-000644', 14468, 'Mr.', 'Vanderbout, Gregory');
INSERT INTO public.customer_orders (salesorderid, subtotal, accountnumber, creditcardid, cust_title, cust_name) VALUES (45809, 24087.5253, '10-4020-000161', 12399, 'Mr.', 'Donovan, John');
INSERT INTO public.customer_orders (salesorderid, subtotal, accountnumber, creditcardid, cust_title, cust_name) VALUES (71938, 74160.228, '10-4020-000016', 10057, 'Mr.', 'Beck, Christopher');
INSERT INTO public.customer_orders (salesorderid, subtotal, accountnumber, creditcardid, cust_title, cust_name) VALUES (45545, 8965.933, '10-4020-000156', 319, 'Mr.', 'Bowman, Lester');
INSERT INTO public.customer_orders (salesorderid, subtotal, accountnumber, creditcardid, cust_title, cust_name) VALUES (71838, 11463.684, '10-4020-000319', 6536, 'Mr.', 'Miller, Emilo');
INSERT INTO public.customer_orders (salesorderid, subtotal, accountnumber, creditcardid, cust_title, cust_name) VALUES (49120, 68.382, '10-4020-000335', 11282, 'Mr.', 'Berger, John');
INSERT INTO public.customer_orders (salesorderid, subtotal, accountnumber, creditcardid, cust_title, cust_name) VALUES (58932, 71891.3168, '10-4020-000408', 3513, 'Mr.', 'Berger, Alexander');
INSERT INTO public.customer_orders (salesorderid, subtotal, accountnumber, creditcardid, cust_title, cust_name) VALUES (46082, 46519.1419, '10-4020-000312', 17861, 'Mr.', 'Armstrong, Thomas');
INSERT INTO public.customer_orders (salesorderid, subtotal, accountnumber, creditcardid, cust_title, cust_name) VALUES (47714, 3863.8275, '10-4020-000431', 2337, 'Mr.', 'Baldwin, Douglas');
INSERT INTO public.customer_orders (salesorderid, subtotal, accountnumber, creditcardid, cust_title, cust_name) VALUES (63261, 6708.78, '10-4020-000529', 14803, 'Ms.', 'Glenn, Jeanie');
INSERT INTO public.customer_orders (salesorderid, subtotal, accountnumber, creditcardid, cust_title, cust_name) VALUES (50233, 3870.7287, '10-4020-000335', 11282, 'Mr.', 'Berger, John');
INSERT INTO public.customer_orders (salesorderid, subtotal, accountnumber, creditcardid, cust_title, cust_name) VALUES (48388, 182.352, '10-4020-000665', 16132, 'Mr.', 'Manzanares, Tomas');
INSERT INTO public.customer_orders (salesorderid, subtotal, accountnumber, creditcardid, cust_title, cust_name) VALUES (57107, 4291.326, '10-4020-000080', 15195, 'Mr.', 'Brummer, Dick');
INSERT INTO public.customer_orders (salesorderid, subtotal, accountnumber, creditcardid, cust_title, cust_name) VALUES (46627, 13094.2966, '10-4020-000265', 18717, 'Mr.', 'Byrnes, David');
INSERT INTO public.customer_orders (salesorderid, subtotal, accountnumber, creditcardid, cust_title, cust_name) VALUES (44077, 6105.3293, '10-4020-000173', 6065, 'Mr.', 'Dillon, Rudolph');
INSERT INTO public.customer_orders (salesorderid, subtotal, accountnumber, creditcardid, cust_title, cust_name) VALUES (53468, 25283.1022, '10-4020-000688', 9314, 'Mr.', 'Hasty, Neal');
INSERT INTO public.customer_orders (salesorderid, subtotal, accountnumber, creditcardid, cust_title, cust_name) VALUES (47367, 26523.0027, '10-4020-000644', 14468, 'Mr.', 'Vanderbout, Gregory');
INSERT INTO public.customer_orders (salesorderid, subtotal, accountnumber, creditcardid, cust_title, cust_name) VALUES (68627, 60.47, '10-4030-025139', 7245, 'Mr.', 'Short, Carlos');
INSERT INTO public.customer_orders (salesorderid, subtotal, accountnumber, creditcardid, cust_title, cust_name) VALUES (53483, 61044.4562, '10-4020-000408', 3513, 'Mr.', 'Berger, Alexander');
INSERT INTO public.customer_orders (salesorderid, subtotal, accountnumber, creditcardid, cust_title, cust_name) VALUES (53456, 26816.5751, '10-4020-000173', 6065, 'Mr.', 'Dillon, Rudolph');
INSERT INTO public.customer_orders (salesorderid, subtotal, accountnumber, creditcardid, cust_title, cust_name) VALUES (49541, 36603.1395, '10-4020-000608', 7293, 'Mr.', 'Brown, Steven');
INSERT INTO public.customer_orders (salesorderid, subtotal, accountnumber, creditcardid, cust_title, cust_name) VALUES (44316, 3785.5031, '10-4020-000431', 2337, 'Mr.', 'Baldwin, Douglas');
INSERT INTO public.customer_orders (salesorderid, subtotal, accountnumber, creditcardid, cust_title, cust_name) VALUES (57150, 122285.724, '10-4020-000085', 12228, 'Mr.', 'Kozlowski, Edward');
INSERT INTO public.customer_orders (salesorderid, subtotal, accountnumber, creditcardid, cust_title, cust_name) VALUES (47356, 635.025, '10-4020-000067', 13784, 'Mr.', 'Kung, Jeffrey');
INSERT INTO public.customer_orders (salesorderid, subtotal, accountnumber, creditcardid, cust_title, cust_name) VALUES (51845, 46428.3351, '10-4020-000312', 17861, 'Mr.', 'Armstrong, Thomas');
INSERT INTO public.customer_orders (salesorderid, subtotal, accountnumber, creditcardid, cust_title, cust_name) VALUES (58968, 13938.87, '10-4020-000319', 6536, 'Mr.', 'Miller, Emilo');
INSERT INTO public.customer_orders (salesorderid, subtotal, accountnumber, creditcardid, cust_title, cust_name) VALUES (45069, 24552.133, '10-4020-000161', 12399, 'Mr.', 'Donovan, John');
INSERT INTO public.customer_orders (salesorderid, subtotal, accountnumber, creditcardid, cust_title, cust_name) VALUES (47688, 2485.7036, '10-4020-000434', 5409, 'Mr.', 'Bailey, James');
INSERT INTO public.customer_orders (salesorderid, subtotal, accountnumber, creditcardid, cust_title, cust_name) VALUES (43897, 51235.0091, '10-4020-000312', 17861, 'Mr.', 'Armstrong, Thomas');
INSERT INTO public.customer_orders (salesorderid, subtotal, accountnumber, creditcardid, cust_title, cust_name) VALUES (46645, 101336.8382, '10-4020-000245', 6156, 'Mr.', 'McCoy, James');
INSERT INTO public.customer_orders (salesorderid, subtotal, accountnumber, creditcardid, cust_title, cust_name) VALUES (48041, 10151.684, '10-4020-000529', 14803, 'Ms.', 'Glenn, Jeanie');
INSERT INTO public.customer_orders (salesorderid, subtotal, accountnumber, creditcardid, cust_title, cust_name) VALUES (51098, 1344.588, '10-4020-000590', 5099, 'Mr.', 'Fitzgerald, Duane');
INSERT INTO public.customer_orders (salesorderid, subtotal, accountnumber, creditcardid, cust_title, cust_name) VALUES (49100, 17060.9144, '10-4020-000012', 15954, 'Mr.', 'Caprio, Johnny');
INSERT INTO public.customer_orders (salesorderid, subtotal, accountnumber, creditcardid, cust_title, cust_name) VALUES (46659, 684.03, '10-4020-000161', 12399, 'Mr.', 'Donovan, John');
INSERT INTO public.customer_orders (salesorderid, subtotal, accountnumber, creditcardid, cust_title, cust_name) VALUES (45812, 6858.1844, '10-4020-000431', 2337, 'Mr.', 'Baldwin, Douglas');
INSERT INTO public.customer_orders (salesorderid, subtotal, accountnumber, creditcardid, cust_title, cust_name) VALUES (43882, 2024.994, '10-4020-000335', 11282, 'Mr.', 'Berger, John');
INSERT INTO public.customer_orders (salesorderid, subtotal, accountnumber, creditcardid, cust_title, cust_name) VALUES (63130, 3869.1491, '10-4020-000531', 4459, 'Mr.', 'Meyer, Eric');
INSERT INTO public.customer_orders (salesorderid, subtotal, accountnumber, creditcardid, cust_title, cust_name) VALUES (47000, 5894.9641, '10-4020-000335', 11282, 'Mr.', 'Berger, John');
INSERT INTO public.customer_orders (salesorderid, subtotal, accountnumber, creditcardid, cust_title, cust_name) VALUES (49496, 43758.0999, '10-4020-000461', 3653, 'Mr.', 'Track, Glenn');
INSERT INTO public.customer_orders (salesorderid, subtotal, accountnumber, creditcardid, cust_title, cust_name) VALUES (46664, 15797.0264, '10-4020-000431', 2337, 'Mr.', 'Baldwin, Douglas');
INSERT INTO public.customer_orders (salesorderid, subtotal, accountnumber, creditcardid, cust_title, cust_name) VALUES (48362, 275.388, '10-4020-000151', 1803, 'Mr.', 'Brian, Walter');
INSERT INTO public.customer_orders (salesorderid, subtotal, accountnumber, creditcardid, cust_title, cust_name) VALUES (69474, 9900.42, '10-4020-000531', 4459, 'Mr.', 'Meyer, Eric');
INSERT INTO public.customer_orders (salesorderid, subtotal, accountnumber, creditcardid, cust_title, cust_name) VALUES (65175, 19600.14, '10-4020-000644', 14468, 'Mr.', 'Vanderbout, Gregory');
INSERT INTO public.customer_orders (salesorderid, subtotal, accountnumber, creditcardid, cust_title, cust_name) VALUES (47445, 1116.925, '10-4020-000665', 16132, 'Mr.', 'Manzanares, Tomas');
INSERT INTO public.customer_orders (salesorderid, subtotal, accountnumber, creditcardid, cust_title, cust_name) VALUES (47372, 11476.4056, '10-4020-000649', 14542, 'Mr.', 'Mays, Walter');
INSERT INTO public.customer_orders (salesorderid, subtotal, accountnumber, creditcardid, cust_title, cust_name) VALUES (71855, 323.994, '10-4020-000067', 13784, 'Mr.', 'Kung, Jeffrey');
INSERT INTO public.customer_orders (salesorderid, subtotal, accountnumber, creditcardid, cust_title, cust_name) VALUES (65189, 32755.8056, '10-4020-000408', 3513, 'Mr.', 'Berger, Alexander');
INSERT INTO public.customer_orders (salesorderid, subtotal, accountnumber, creditcardid, cust_title, cust_name) VALUES (51149, 6768.216, '10-4020-000431', 2337, 'Mr.', 'Baldwin, Douglas');
INSERT INTO public.customer_orders (salesorderid, subtotal, accountnumber, creditcardid, cust_title, cust_name) VALUES (48064, 88.932, '10-4020-000541', 15842, 'Mr.', 'Brooks, Willie');
INSERT INTO public.customer_orders (salesorderid, subtotal, accountnumber, creditcardid, cust_title, cust_name) VALUES (51865, 514.008, '10-4020-000541', 15842, 'Mr.', 'Brooks, Willie');
INSERT INTO public.customer_orders (salesorderid, subtotal, accountnumber, creditcardid, cust_title, cust_name) VALUES (49870, 56816.9351, '10-4020-000660', 17645, 'Mr.', 'Vargas, Nieves');
INSERT INTO public.customer_orders (salesorderid, subtotal, accountnumber, creditcardid, cust_title, cust_name) VALUES (65286, 17099.334, '10-4020-000319', 6536, 'Mr.', 'Miller, Emilo');
INSERT INTO public.customer_orders (salesorderid, subtotal, accountnumber, creditcardid, cust_title, cust_name) VALUES (53550, 10687.854, '10-4020-000649', 14542, 'Mr.', 'Mays, Walter');
INSERT INTO public.customer_orders (salesorderid, subtotal, accountnumber, creditcardid, cust_title, cust_name) VALUES (48783, 1308.9375, '10-4020-000161', 12399, 'Mr.', 'Donovan, John');
INSERT INTO public.customer_orders (salesorderid, subtotal, accountnumber, creditcardid, cust_title, cust_name) VALUES (57023, 34355.6, '10-4020-000012', 15954, 'Mr.', 'Caprio, Johnny');
INSERT INTO public.customer_orders (salesorderid, subtotal, accountnumber, creditcardid, cust_title, cust_name) VALUES (44411, 3578.27, '10-4030-028584', 16746, 'Mr.', 'Smith, Rolando');
INSERT INTO public.customer_orders (salesorderid, subtotal, accountnumber, creditcardid, cust_title, cust_name) VALUES (43688, 12718.0844, '10-4020-000161', 12399, 'Mr.', 'Donovan, John');
INSERT INTO public.customer_orders (salesorderid, subtotal, accountnumber, creditcardid, cust_title, cust_name) VALUES (71816, 2847.408, '10-4020-000295', 17982, 'Mr.', 'Mitzner, Joseph');
INSERT INTO public.customer_orders (salesorderid, subtotal, accountnumber, creditcardid, cust_title, cust_name) VALUES (69434, 2007.09, '10-4020-000554', 1970, 'Mr.', 'Aguilar, James');
INSERT INTO public.customer_orders (salesorderid, subtotal, accountnumber, creditcardid, cust_title, cust_name) VALUES (47971, 5637.528, '10-4020-000531', 4459, 'Mr.', 'Meyer, Eric');
INSERT INTO public.customer_orders (salesorderid, subtotal, accountnumber, creditcardid, cust_title, cust_name) VALUES (44127, 91014.7853, '10-4020-000608', 7293, 'Mr.', 'Brown, Steven');
INSERT INTO public.customer_orders (salesorderid, subtotal, accountnumber, creditcardid, cust_title, cust_name) VALUES (49834, 4336.8572, '10-4020-000265', 18717, 'Mr.', 'Byrnes, David');
INSERT INTO public.customer_orders (salesorderid, subtotal, accountnumber, creditcardid, cust_title, cust_name) VALUES (50730, 205.146, '10-4020-000665', 16132, 'Mr.', 'Manzanares, Tomas');
INSERT INTO public.customer_orders (salesorderid, subtotal, accountnumber, creditcardid, cust_title, cust_name) VALUES (51850, 66845.6546, '10-4020-000263', 15924, 'Mr.', 'Burnett, Timothy');
INSERT INTO public.customer_orders (salesorderid, subtotal, accountnumber, creditcardid, cust_title, cust_name) VALUES (63283, 38575.0104, '10-4020-000312', 17861, 'Mr.', 'Armstrong, Thomas');
INSERT INTO public.customer_orders (salesorderid, subtotal, accountnumber, creditcardid, cust_title, cust_name) VALUES (47354, 51710.6749, '10-4020-000173', 6065, 'Mr.', 'Dillon, Rudolph');
INSERT INTO public.customer_orders (salesorderid, subtotal, accountnumber, creditcardid, cust_title, cust_name) VALUES (44103, 3814.3435, '10-4020-000156', 319, 'Mr.', 'Bowman, Lester');
INSERT INTO public.customer_orders (salesorderid, subtotal, accountnumber, creditcardid, cust_title, cust_name) VALUES (44313, 26037.0214, '10-4020-000161', 12399, 'Mr.', 'Donovan, John');
INSERT INTO public.customer_orders (salesorderid, subtotal, accountnumber, creditcardid, cust_title, cust_name) VALUES (47447, 56817.8354, '10-4020-000016', 10057, 'Mr.', 'Beck, Christopher');
INSERT INTO public.customer_orders (salesorderid, subtotal, accountnumber, creditcardid, cust_title, cust_name) VALUES (65235, 26719.5966, '10-4020-000685', 18097, 'Mr.', 'Haugh, James');
INSERT INTO public.customer_orders (salesorderid, subtotal, accountnumber, creditcardid, cust_title, cust_name) VALUES (57135, 5649.528, '10-4020-000541', 15842, 'Mr.', 'Brooks, Willie');
INSERT INTO public.customer_orders (salesorderid, subtotal, accountnumber, creditcardid, cust_title, cust_name) VALUES (69500, 1289.5668, '10-4020-000541', 15842, 'Mr.', 'Brooks, Willie');
INSERT INTO public.customer_orders (salesorderid, subtotal, accountnumber, creditcardid, cust_title, cust_name) VALUES (55275, 64654.2775, '10-4020-000245', 6156, 'Mr.', 'McCoy, James');
INSERT INTO public.customer_orders (salesorderid, subtotal, accountnumber, creditcardid, cust_title, cust_name) VALUES (65234, 52756.092, '10-4020-000182', 12492, 'Mr.', 'Alan, Stanley');
INSERT INTO public.customer_orders (salesorderid, subtotal, accountnumber, creditcardid, cust_title, cust_name) VALUES (49522, 1601.5227, '10-4020-000151', 1803, 'Mr.', 'Brian, Walter');
INSERT INTO public.customer_orders (salesorderid, subtotal, accountnumber, creditcardid, cust_title, cust_name) VALUES (65181, 2810.598, '10-4020-000649', 14542, 'Mr.', 'Mays, Walter');
INSERT INTO public.customer_orders (salesorderid, subtotal, accountnumber, creditcardid, cust_title, cust_name) VALUES (47716, 48997.224, '10-4020-000660', 17645, 'Mr.', 'Vargas, Nieves');
INSERT INTO public.customer_orders (salesorderid, subtotal, accountnumber, creditcardid, cust_title, cust_name) VALUES (57139, 5927.946, '10-4020-000529', 14803, 'Ms.', 'Glenn, Jeanie');
INSERT INTO public.customer_orders (salesorderid, subtotal, accountnumber, creditcardid, cust_title, cust_name) VALUES (48386, 51394.2049, '10-4020-000016', 10057, 'Mr.', 'Beck, Christopher');
INSERT INTO public.customer_orders (salesorderid, subtotal, accountnumber, creditcardid, cust_title, cust_name) VALUES (62848, 56.97, '10-4030-013228', 4694, 'Mr.', 'Sanchez, Thomas');
INSERT INTO public.customer_orders (salesorderid, subtotal, accountnumber, creditcardid, cust_title, cust_name) VALUES (49546, 113.97, '10-4020-000665', 16132, 'Mr.', 'Manzanares, Tomas');
INSERT INTO public.customer_orders (salesorderid, subtotal, accountnumber, creditcardid, cust_title, cust_name) VALUES (44765, 5821.11, '10-4020-000156', 319, 'Mr.', 'Bowman, Lester');
INSERT INTO public.customer_orders (salesorderid, subtotal, accountnumber, creditcardid, cust_title, cust_name) VALUES (44554, 722.5949, '10-4020-000541', 15842, 'Mr.', 'Brooks, Willie');
INSERT INTO public.customer_orders (salesorderid, subtotal, accountnumber, creditcardid, cust_title, cust_name) VALUES (49486, 4228.146, '10-4020-000649', 14542, 'Mr.', 'Mays, Walter');
INSERT INTO public.customer_orders (salesorderid, subtotal, accountnumber, creditcardid, cust_title, cust_name) VALUES (48296, 44080.9805, '10-4020-000173', 6065, 'Mr.', 'Dillon, Rudolph');
INSERT INTO public.customer_orders (salesorderid, subtotal, accountnumber, creditcardid, cust_title, cust_name) VALUES (69531, 112312.554, '10-4020-000085', 12228, 'Mr.', 'Kozlowski, Edward');
INSERT INTO public.customer_orders (salesorderid, subtotal, accountnumber, creditcardid, cust_title, cust_name) VALUES (50260, 7651.782, '10-4020-000531', 4459, 'Mr.', 'Meyer, Eric');
INSERT INTO public.customer_orders (salesorderid, subtotal, accountnumber, creditcardid, cust_title, cust_name) VALUES (47696, 60516.8114, '10-4020-000245', 6156, 'Mr.', 'McCoy, James');
INSERT INTO public.customer_orders (salesorderid, subtotal, accountnumber, creditcardid, cust_title, cust_name) VALUES (57154, 40467.3232, '10-4020-000263', 15924, 'Mr.', 'Burnett, Timothy');
INSERT INTO public.customer_orders (salesorderid, subtotal, accountnumber, creditcardid, cust_title, cust_name) VALUES (58937, 4557.378, '10-4020-000295', 17982, 'Mr.', 'Mitzner, Joseph');
INSERT INTO public.customer_orders (salesorderid, subtotal, accountnumber, creditcardid, cust_title, cust_name) VALUES (47028, 39987.6526, '10-4020-000312', 17861, 'Mr.', 'Armstrong, Thomas');
INSERT INTO public.customer_orders (salesorderid, subtotal, accountnumber, creditcardid, cust_title, cust_name) VALUES (69539, 7564.164, '10-4020-000529', 14803, 'Ms.', 'Glenn, Jeanie');
